btract,lotarea,bldgarea,comarea,resarea,officearea,retailarea,garagearea,strgearea,factryarea,otherarea
1109.0,3635.0,49300.0,49300.0,0.0,2800.0,3000.0,0.0,0.0,43500.0,0.0
1111.0,27156.0,60848.0,60847.0,0.0,2369.0,0.0,9890.0,22238.0,26350.0,0.0
1117.0,52012.0,210550.0,210550.0,0.0,10000.0,0.0,0.0,139235.0,54165.0,7150.0
1121.0,5000.0,5925.0,5925.0,0.0,0.0,0.0,0.0,5925.0,0.0,0.0
1124.0,2146.0,2400.0,2400.0,0.0,0.0,0.0,0.0,0.0,2400.0,0.0
1129.0,222080.0,1025408.0,1025408.0,0.0,60416.0,0.0,3414.0,89847.0,866621.0,5110.0
1133.0,8050.0,26172.0,26172.0,0.0,6241.0,3497.0,0.0,10491.0,2193.0,3750.0
1137.0,3138.0,8949.0,8949.0,0.0,0.0,0.0,2983.0,5966.0,0.0,0.0
1148.02,2573.0,4284.0,4284.0,0.0,0.0,0.0,0.0,0.0,4284.0,0.0
1152.0,17622.0,58011.0,58011.0,0.0,1839.0,0.0,0.0,2500.0,53672.0,0.0
116.0,8258.0,19244.0,19244.0,0.0,0.0,5852.0,0.0,13392.0,0.0,0.0
1164.0,5046.0,9580.0,9580.0,0.0,0.0,0.0,0.0,0.0,9580.0,0.0
1167.0,3180.0,6846.0,6846.0,0.0,0.0,0.0,0.0,0.0,6846.0,0.0
1172.0,5046.0,3800.0,3800.0,0.0,0.0,0.0,0.0,0.0,3800.0,0.0
1178.0,6458.0,11352.0,10176.0,1176.0,0.0,0.0,0.0,0.0,10176.0,0.0
118.0,18364.0,62126.0,59718.0,2408.0,3473.0,3804.0,0.0,18132.0,6409.0,12696.0
1180.0,5046.0,8042.0,8042.0,0.0,0.0,0.0,0.0,0.0,8042.0,0.0
1188.0,7606.0,10550.0,10550.0,0.0,200.0,2200.0,0.0,4775.0,3375.0,0.0
1192.0,5046.0,4900.0,4900.0,0.0,0.0,0.0,0.0,2500.0,2400.0,0.0
1193.0,5021.0,5021.0,5021.0,0.0,0.0,0.0,0.0,0.0,5021.0,0.0
1194.0,7598.0,13481.0,13481.0,0.0,0.0,0.0,0.0,10281.0,3200.0,0.0
1196.0,16770.0,44864.0,44864.0,0.0,0.0,1188.0,0.0,1188.0,42488.0,0.0
1213.03,29593.0,135579.0,135579.0,0.0,30000.0,0.0,0.0,80579.0,0.0,25000.0
1215.0,2884.0,500.0,500.0,0.0,0.0,0.0,0.0,0.0,0.0,500.0
1219.0,2542.0,7220.0,7220.0,0.0,0.0,0.0,0.0,0.0,7220.0,0.0
122.01,5000.0,5000.0,5000.0,0.0,0.0,0.0,0.0,0.0,5000.0,0.0
1223.02,40398.0,43460.0,43460.0,0.0,0.0,0.0,0.0,40460.0,3000.0,0.0
1232.0,27337.0,113807.0,113807.0,0.0,0.0,0.0,0.0,0.0,113807.0,0.0
1242.0,13609.0,43800.0,43800.0,0.0,4000.0,0.0,0.0,12000.0,27800.0,0.0
1247.0,12345.0,24714.0,24714.0,0.0,0.0,0.0,0.0,0.0,24714.0,0.0
1257.0,4992.0,4995.0,4995.0,0.0,0.0,0.0,0.0,4995.0,0.0,0.0
126.02,9410.0,10169.0,10169.0,0.0,3550.0,0.0,600.0,4119.0,1900.0,0.0
1269.0,2292.0,4710.0,4710.0,0.0,0.0,0.0,0.0,0.0,4710.0,0.0
128.0,2307.0,2876.0,2876.0,0.0,0.0,0.0,0.0,0.0,2876.0,0.0
1299.0,113116.0,94733.0,94733.0,0.0,0.0,0.0,0.0,40000.0,54733.0,0.0
130.02,2544.0,2544.0,2544.0,0.0,0.0,0.0,0.0,0.0,2544.0,0.0
134.0,4950.0,3991.0,3991.0,0.0,0.0,0.0,0.0,0.0,2116.0,1875.0
136.01,2500.0,7700.0,7700.0,0.0,0.0,2500.0,0.0,5200.0,0.0,0.0
136.02,2125.0,2000.0,2000.0,0.0,0.0,0.0,0.0,2000.0,0.0,0.0
137.0,151425.0,479500.0,479500.0,0.0,9064.0,7950.0,0.0,462486.0,0.0,0.0
138.0,4850.0,8356.0,8356.0,0.0,1000.0,0.0,0.0,7356.0,0.0,0.0
141.0,2460.0,4600.0,4600.0,0.0,255.0,2200.0,0.0,2145.0,0.0,0.0
145.0,2997.0,12636.0,12636.0,0.0,0.0,0.0,0.0,12636.0,0.0,0.0
147.0,2726.0,2755.0,2755.0,0.0,0.0,0.0,0.0,0.0,2755.0,0.0
16.0,6613.0,6680.0,6680.0,0.0,0.0,1000.0,0.0,5680.0,0.0,0.0
169.0,33317.0,167000.0,167000.0,0.0,33400.0,0.0,0.0,0.0,133600.0,0.0
187.0,5745.0,30169.0,30169.0,0.0,2123.0,3400.0,0.0,24646.0,0.0,0.0
199.0,171117.0,283715.0,283715.0,0.0,2520.0,0.0,0.0,64586.0,208109.0,8500.0
2115.02,329634.0,261492.0,261492.0,0.0,18273.0,0.0,11124.0,98765.0,133330.0,0.0
2117.0,7569276.0,1987047.0,1987047.0,0.0,157213.0,0.0,0.0,1284130.0,483477.0,62227.0
2121.01,4340.0,4764.0,4764.0,0.0,1714.0,0.0,0.0,3050.0,0.0,0.0
2121.02,35698.0,23936.0,23936.0,0.0,0.0,0.0,0.0,23936.0,0.0,0.0
2123.0,84229.0,46306.0,46306.0,0.0,0.0,0.0,0.0,46306.0,0.0,0.0
2125.0,23931.0,27630.0,27630.0,0.0,1240.0,0.0,0.0,17750.0,8640.0,0.0
2129.01,3000.0,3000.0,3000.0,0.0,0.0,3000.0,0.0,0.0,0.0,0.0
2131.0,11946.0,29270.0,29270.0,0.0,6250.0,0.0,0.0,23020.0,0.0,0.0
2132.0,11200.0,9200.0,9200.0,0.0,0.0,0.0,0.0,9200.0,0.0,0.0
2143.0,33174.0,33174.0,33174.0,0.0,0.0,0.0,3000.0,19413.0,10761.0,0.0
2145.0,44789.0,57097.0,57097.0,0.0,6373.0,0.0,0.0,26489.0,24235.0,0.0
2151.0,4322.0,7033.0,7033.0,0.0,0.0,1000.0,0.0,6033.0,0.0,0.0
2153.0,11683.0,39384.0,39384.0,0.0,0.0,0.0,0.0,39384.0,0.0,0.0
2155.0,24500.0,55200.0,55200.0,0.0,0.0,0.0,0.0,55200.0,0.0,0.0
2157.0,27500.0,27400.0,27400.0,0.0,0.0,0.0,0.0,27400.0,0.0,0.0
2161.0,113110.0,152487.0,152487.0,0.0,0.0,0.0,0.0,102538.0,35930.0,14019.0
2162.0,5250.0,4870.0,4870.0,0.0,0.0,0.0,0.0,0.0,4870.0,0.0
2165.0,221047.0,225534.0,225534.0,0.0,13640.0,0.0,0.0,44737.0,156142.0,11015.0
2167.0,267056.0,189473.0,189473.0,0.0,6309.0,375.0,0.0,132295.0,28264.0,0.0
2169.0,7838.0,15000.0,15000.0,0.0,0.0,500.0,0.0,14500.0,0.0,0.0
2184.0,2780.0,2100.0,2100.0,0.0,0.0,0.0,0.0,2100.0,0.0,0.0
2185.0,161553.0,162988.0,162988.0,0.0,810.0,2501.0,13128.0,96449.0,50100.0,0.0
219.0,1748244.0,2171337.0,2152496.0,0.0,96002.0,500.0,225496.0,843452.0,925086.0,0.0
2194.0,20000.0,14000.0,14000.0,0.0,0.0,0.0,0.0,14000.0,0.0,0.0
22.0,6866.0,4200.0,4200.0,0.0,0.0,0.0,0.0,0.0,4200.0,0.0
2200.0,64922.0,78392.0,78392.0,0.0,5346.0,0.0,1100.0,37504.0,34442.0,0.0
2201.0,190000.0,1800.0,1800.0,0.0,0.0,0.0,0.0,1800.0,0.0,0.0
2206.01,13081.0,14277.0,11237.0,3040.0,1560.0,1560.0,0.0,0.0,2462.0,0.0
2209.0,12656.0,26000.0,26000.0,0.0,0.0,0.0,0.0,26000.0,0.0,0.0
2210.02,16599.0,20201.0,20201.0,0.0,0.0,0.0,0.0,0.0,20201.0,0.0
2213.02,32228.0,35677.0,35677.0,0.0,0.0,0.0,0.0,7000.0,22150.0,6527.0
2218.0,69495.0,59998.0,59998.0,0.0,15466.0,0.0,7466.0,0.0,29600.0,7466.0
2219.0,73101.0,200646.0,200646.0,0.0,5000.0,0.0,41500.0,153746.0,0.0,400.0
2220.0,90128.0,93027.0,93027.0,0.0,1300.0,0.0,5320.0,81407.0,5000.0,0.0
2227.01,14000.0,22500.0,22500.0,0.0,0.0,0.0,0.0,22500.0,0.0,0.0
223.0,8278.0,12516.0,12516.0,0.0,0.0,0.0,0.0,1334.0,11182.0,0.0
2230.0,1950.0,1904.0,1904.0,0.0,0.0,0.0,0.0,1904.0,0.0,0.0
2231.0,89601.0,133880.0,133880.0,0.0,3975.0,24604.0,0.0,59673.0,45628.0,0.0
2232.0,27024.0,19493.0,19493.0,0.0,0.0,13720.0,0.0,5773.0,0.0,0.0
2238.0,250875.0,371593.0,371593.0,0.0,57853.0,10500.0,0.0,303240.0,0.0,0.0
2239.0,32202.0,70150.0,70150.0,0.0,0.0,0.0,0.0,70150.0,0.0,0.0
2240.0,2375.0,10625.0,10625.0,0.0,0.0,0.0,0.0,10625.0,0.0,0.0
2241.0,12500.0,25000.0,25000.0,0.0,0.0,0.0,0.0,25000.0,0.0,0.0
2244.0,46272.0,37342.0,37342.0,0.0,4260.0,3620.0,5262.0,12540.0,11660.0,0.0
2247.0,184538.0,6000.0,6000.0,0.0,0.0,0.0,0.0,6000.0,0.0,0.0
2251.0,10000.0,20000.0,20000.0,0.0,0.0,0.0,0.0,20000.0,0.0,0.0
2252.0,4455.0,5996.0,4996.0,1000.0,0.0,2996.0,0.0,2000.0,0.0,0.0
2253.0,3939.0,3939.0,3939.0,0.0,0.0,0.0,0.0,3939.0,0.0,0.0
227.02,132401.0,131979.0,131979.0,0.0,7200.0,2788.0,0.0,19500.0,95516.0,0.0
2274.02,3690.0,5500.0,4172.0,1328.0,0.0,486.0,0.0,3686.0,0.0,0.0
2277.0,11912.0,17572.0,17572.0,0.0,1000.0,3400.0,0.0,13172.0,0.0,0.0
2279.0,5917.0,8163.0,8163.0,0.0,0.0,0.0,0.0,8163.0,0.0,0.0
228.0,109868.0,81055.0,81055.0,0.0,1440.0,0.0,0.0,47715.0,31900.0,0.0
2283.0,12500.0,12500.0,12500.0,0.0,0.0,0.0,0.0,12500.0,0.0,0.0
2284.0,53394.0,34457.0,34457.0,0.0,1925.0,1000.0,5908.0,10995.0,14629.0,0.0
2285.0,21500.0,10200.0,10200.0,0.0,0.0,0.0,0.0,10200.0,0.0,0.0
2296.0,680216.0,417386.0,417386.0,0.0,5503.0,0.0,8200.0,101421.0,302262.0,0.0
231.0,147610.0,137444.0,136794.0,650.0,8875.0,2325.0,11945.0,102566.0,7350.0,3733.0
2326.0,9875.0,6372.0,6372.0,0.0,0.0,0.0,0.0,0.0,6372.0,0.0
233.0,62269.0,63296.0,63296.0,0.0,0.0,0.0,0.0,58516.0,4780.0,0.0
2338.0,60000.0,22383.0,22383.0,0.0,0.0,0.0,0.0,22383.0,0.0,0.0
2342.0,16592.0,7584.0,7584.0,0.0,0.0,0.0,0.0,4800.0,2784.0,0.0
2348.0,4507.0,4500.0,4500.0,0.0,0.0,0.0,0.0,4500.0,0.0,0.0
235.0,100181.0,166264.0,166264.0,0.0,4500.0,0.0,0.0,43209.0,95555.0,0.0
2358.0,7900.0,7900.0,7900.0,0.0,0.0,0.0,0.0,7900.0,0.0,0.0
2363.0,8360.0,7344.0,7344.0,0.0,0.0,0.0,0.0,7344.0,0.0,0.0
2373.0,2316.0,2267.0,2267.0,0.0,0.0,0.0,2267.0,0.0,0.0,0.0
2375.04,38631.0,48224.0,48224.0,0.0,0.0,0.0,0.0,21884.0,7500.0,18840.0
2379.0,19603.0,9967.0,9967.0,0.0,0.0,0.0,0.0,0.0,9967.0,0.0
2380.0,11253.0,7028.0,7028.0,0.0,0.0,0.0,0.0,7028.0,0.0,0.0
2383.02,20732.0,22715.0,22715.0,0.0,2766.0,0.0,0.0,4984.0,14965.0,0.0
2385.0,61226.0,76262.0,76262.0,0.0,0.0,0.0,0.0,43002.0,0.0,33260.0
2387.0,17835.0,17700.0,17700.0,0.0,0.0,0.0,0.0,17700.0,0.0,0.0
2390.0,13516.0,4475.0,2885.0,1590.0,0.0,0.0,0.0,1355.0,0.0,0.0
2391.0,2000.0,700.0,700.0,0.0,0.0,0.0,0.0,0.0,0.0,700.0
2395.0,108919.0,132304.0,132304.0,0.0,0.0,0.0,13825.0,48686.0,60310.0,9483.0
2397.0,10500.0,22530.0,22530.0,0.0,0.0,0.0,0.0,22530.0,0.0,0.0
2405.02,5021.0,2195.0,2195.0,0.0,0.0,0.0,0.0,945.0,1250.0,0.0
2406.0,8925.0,8590.0,8590.0,0.0,0.0,0.0,0.0,8590.0,0.0,0.0
2411.0,36500.0,61500.0,61500.0,0.0,0.0,0.0,0.0,34000.0,20000.0,7500.0
2414.0,286300.0,217451.0,217451.0,0.0,11524.0,4900.0,540.0,129414.0,71073.0,0.0
2418.0,92002.0,68063.0,68063.0,0.0,6600.0,0.0,7747.0,46000.0,7716.0,0.0
2425.0,33000.0,40708.0,10468.0,0.0,0.0,0.0,0.0,8518.0,0.0,1950.0
2429.01,2063.0,2050.0,2050.0,0.0,0.0,0.0,0.0,2050.0,0.0,0.0
243.0,9950.0,49070.0,47820.0,1250.0,1250.0,0.0,0.0,46570.0,0.0,0.0
2434.0,55751.0,54985.0,54985.0,0.0,0.0,0.0,0.0,26750.0,28235.0,0.0
2449.01,1552.0,1500.0,1500.0,0.0,0.0,0.0,0.0,1500.0,0.0,0.0
2451.01,77382.0,90295.0,83795.0,0.0,0.0,0.0,1250.0,40317.0,42228.0,0.0
2456.0,938816.0,259043.0,259043.0,0.0,17855.0,0.0,0.0,48085.0,128143.0,6500.0
2462.01,111453.0,109064.0,99064.0,0.0,2676.0,0.0,1200.0,76130.0,14358.0,0.0
2462.02,293623.0,285355.0,277075.0,0.0,16749.0,2250.0,7144.0,105825.0,142637.0,2470.0
2484.0,98593.0,86612.0,86612.0,0.0,1800.0,0.0,3276.0,33214.0,48322.0,0.0
251.0,450253.0,481424.0,481424.0,0.0,7369.0,0.0,0.0,144631.0,194027.0,3887.0
2516.0,39403.0,17920.0,16193.0,1727.0,4265.0,0.0,1800.0,6228.0,3900.0,0.0
252.0,149927.0,126943.0,126943.0,0.0,1111.0,0.0,0.0,28365.0,97467.0,0.0
259.02,26141.0,43146.0,43146.0,0.0,0.0,0.0,0.0,43146.0,0.0,0.0
260.0,15565.0,15273.0,15273.0,0.0,0.0,0.0,0.0,10564.0,4709.0,0.0
263.0,342681.0,496044.0,496044.0,0.0,16650.0,26726.0,10821.0,244997.0,182850.0,14000.0
265.0,19205.0,26681.0,26681.0,0.0,2000.0,7875.0,0.0,13775.0,750.0,2281.0
267.0,12982.0,32310.0,32310.0,0.0,750.0,0.0,0.0,29424.0,2136.0,0.0
269.0,4683.0,11200.0,8400.0,2800.0,2800.0,0.0,0.0,5600.0,0.0,0.0
271.0,34667.0,32167.0,32167.0,0.0,4000.0,0.0,0.0,28167.0,0.0,0.0
273.0,27843.0,38767.0,38767.0,0.0,0.0,0.0,0.0,38767.0,0.0,0.0
276.0,2500.0,2500.0,2500.0,0.0,0.0,0.0,0.0,2500.0,0.0,0.0
279.0,10541.0,10550.0,10550.0,0.0,550.0,0.0,0.0,0.0,10000.0,0.0
283.0,105898.0,86573.0,86573.0,0.0,5884.0,0.0,0.0,80689.0,0.0,0.0
285.0,20000.0,20000.0,20000.0,0.0,0.0,0.0,20000.0,0.0,0.0,0.0
289.0,6000.0,4557.0,3290.0,0.0,0.0,0.0,0.0,1375.0,1915.0,0.0
290.0,1727608.0,939627.0,939627.0,0.0,74585.0,0.0,0.0,329159.0,535883.0,0.0
292.0,11820.0,4768.0,4768.0,0.0,0.0,0.0,0.0,4768.0,0.0,0.0
293.0,5749130.0,3753524.0,3752599.0,925.0,137648.0,4325.0,32150.0,1354332.0,2195503.0,25105.0
296.0,426068.0,298688.0,298688.0,0.0,21678.0,0.0,9760.0,58840.0,189610.0,3000.0
298.0,73154.0,66881.0,66881.0,0.0,7780.0,0.0,0.0,0.0,59101.0,0.0
31.0,4687.0,16000.0,16000.0,0.0,0.0,2000.0,0.0,14000.0,0.0,0.0
3101.0,423438.0,542393.0,541143.0,1250.0,40894.0,12325.0,20332.0,183170.0,276422.0,8000.0
31070.0,431305.0,279162.0,279162.0,0.0,0.0,0.0,0.0,0.0,279162.0,0.0
31078.0,783219.0,710380.0,609900.0,0.0,10700.0,2120.0,0.0,398558.0,198522.0,0.0
31098.0,2670040.0,2056307.0,2056307.0,0.0,142870.0,0.0,7070.0,436934.0,1416958.0,51387.0
3110.0,67899.0,86072.0,84172.0,0.0,21690.0,380.0,1900.0,5320.0,54882.0,0.0
31104.0,711120.0,846199.0,846199.0,0.0,11000.0,98900.0,0.0,283579.0,452720.0,0.0
31116.0,822999.0,737962.0,737962.0,0.0,11762.0,40250.0,14755.0,538783.0,132412.0,0.0
31120.0,2188.0,1000.0,1000.0,0.0,0.0,0.0,0.0,0.0,1000.0,0.0
31124.0,15800.0,11894.0,11894.0,0.0,0.0,0.0,0.0,0.0,11894.0,0.0
31126.0,4000.0,3500.0,3500.0,0.0,0.0,0.0,0.0,0.0,3500.0,0.0
31132.0,95590.0,87369.0,65369.0,0.0,0.0,0.0,2200.0,0.0,63169.0,0.0
31134.0,93600.0,65955.0,65955.0,0.0,0.0,0.0,0.0,30855.0,35100.0,0.0
31142.01,1976.0,1000.0,1000.0,0.0,0.0,0.0,0.0,0.0,1000.0,0.0
31144.0,556284.0,523074.0,523074.0,0.0,35103.0,8901.0,9000.0,161121.0,250156.0,58793.0
31146.0,1500.0,1500.0,1500.0,0.0,0.0,1500.0,0.0,0.0,0.0,0.0
31150.0,39833.0,31015.0,31015.0,0.0,280.0,0.0,2500.0,25835.0,2400.0,0.0
31156.0,23864.0,28950.0,28950.0,0.0,0.0,0.0,0.0,28950.0,0.0,0.0
31166.0,22515.0,27090.0,25200.0,1890.0,0.0,0.0,0.0,15635.0,9565.0,0.0
31168.0,20155.0,24670.0,22910.0,1760.0,0.0,0.0,0.0,12430.0,10480.0,0.0
3117.0,213576.0,235901.0,230906.0,0.0,8053.0,4850.0,6945.0,60865.0,135186.0,15007.0
31170.0,23264.0,27076.0,27076.0,0.0,0.0,0.0,10000.0,17076.0,0.0,0.0
31172.02,5350.0,13500.0,13500.0,0.0,0.0,0.0,0.0,13500.0,0.0,0.0
31174.0,12500.0,12500.0,12500.0,0.0,0.0,0.0,0.0,7500.0,5000.0,0.0
31176.01,11788.0,4551.0,4551.0,0.0,0.0,0.0,0.0,0.0,4551.0,0.0
31176.02,3008.0,2860.0,2860.0,0.0,0.0,0.0,0.0,0.0,2860.0,0.0
31178.0,21561.0,14616.0,14616.0,0.0,0.0,0.0,0.0,14616.0,0.0,0.0
3118.0,116403.0,153453.0,153453.0,0.0,3665.0,32135.0,0.0,3200.0,112853.0,1600.0
31182.01,15661.0,17003.0,17003.0,0.0,4029.0,0.0,0.0,0.0,12974.0,0.0
31182.02,26450.0,28550.0,28550.0,0.0,0.0,0.0,0.0,28550.0,0.0,0.0
31184.0,49940.0,46550.0,46550.0,0.0,0.0,9100.0,0.0,0.0,37450.0,0.0
3119.0,939646.0,1138035.0,1136035.0,2000.0,24540.0,12890.0,2520.0,302858.0,778643.0,0.0
31190.0,16914.0,21915.0,21915.0,0.0,2700.0,0.0,0.0,4900.0,14315.0,0.0
31192.0,53733.0,110443.0,109323.0,0.0,1000.0,15227.0,0.0,81660.0,11436.0,0.0
31196.0,7003.0,6000.0,6000.0,0.0,1000.0,0.0,0.0,0.0,5000.0,0.0
31198.0,90444.0,93235.0,87535.0,5700.0,2779.0,10298.0,0.0,63596.0,8762.0,2100.0
3120.0,131821.0,162189.0,162189.0,0.0,10614.0,12278.0,5420.0,41350.0,91183.0,1344.0
3121.0,120191.0,119028.0,119028.0,0.0,2600.0,0.0,5000.0,56489.0,54939.0,0.0
3122.0,53745.0,51633.0,51633.0,0.0,3893.0,7500.0,0.0,0.0,40240.0,0.0
31237.0,386603.0,391631.0,391631.0,0.0,28192.0,1400.0,9000.0,233010.0,120029.0,0.0
3126.0,14389.0,16201.0,15109.0,1092.0,0.0,0.0,0.0,2999.0,12110.0,0.0
3127.0,154000.0,199336.0,199336.0,0.0,6280.0,0.0,0.0,20000.0,165185.0,7871.0
313.0,6900.0,7650.0,7650.0,0.0,0.0,0.0,0.0,7650.0,0.0,0.0
3131.0,2375.0,4625.0,2375.0,2250.0,0.0,0.0,0.0,2375.0,0.0,0.0
3133.0,5153.0,6563.0,6563.0,0.0,0.0,0.0,0.0,6563.0,0.0,0.0
3135.0,51500.0,56000.0,56000.0,0.0,5000.0,0.0,0.0,0.0,51000.0,0.0
3139.0,2025.0,2625.0,2625.0,0.0,1125.0,0.0,0.0,1500.0,0.0,0.0
3141.0,16434.0,29539.0,23855.0,0.0,0.0,0.0,0.0,23855.0,0.0,0.0
3143.0,93780.0,99513.0,99513.0,0.0,7948.0,1960.0,0.0,53603.0,36002.0,0.0
3145.0,76815.0,87259.0,85809.0,1450.0,9486.0,448.0,2009.0,26244.0,42622.0,5000.0
3147.0,5008.0,12000.0,10000.0,2000.0,0.0,0.0,0.0,10000.0,0.0,0.0
315.0,16515.0,26138.0,23918.0,2220.0,2500.0,0.0,0.0,11178.0,10240.0,0.0
31502.0,41723.0,64232.0,64232.0,0.0,1500.0,0.0,6384.0,37548.0,18800.0,0.0
3151.0,6615.0,14358.0,11372.0,2986.0,593.0,0.0,900.0,9879.0,0.0,0.0
3160.0,7900.0,27464.0,27464.0,0.0,0.0,0.0,0.0,0.0,27320.0,144.0
3161.0,15120.0,74400.0,74400.0,0.0,0.0,0.0,0.0,74400.0,0.0,0.0
3163.0,13833.0,15102.0,15102.0,0.0,0.0,0.0,0.0,5794.0,9308.0,0.0
3169.0,23438.0,4200.0,4200.0,0.0,0.0,0.0,0.0,4200.0,0.0,0.0
3171.0,2550.0,4500.0,2550.0,1950.0,0.0,0.0,0.0,0.0,2550.0,0.0
3174.0,2581.0,2900.0,2900.0,0.0,580.0,0.0,0.0,2320.0,0.0,0.0
3176.0,17488.0,7380.0,7380.0,0.0,0.0,0.0,0.0,0.0,7380.0,0.0
3178.0,11000.0,11829.0,13634.0,5642.0,0.0,2919.0,0.0,9136.0,0.0,1579.0
318.0,6523178.0,9569913.0,9537471.0,0.0,74106.0,18736.0,1800.0,3380253.0,6046095.0,5405.0
3180.0,4000.0,3976.0,3976.0,0.0,0.0,0.0,0.0,3976.0,0.0,0.0
3183.0,7000.0,31920.0,31920.0,0.0,0.0,0.0,0.0,0.0,31920.0,0.0
3187.0,3162.0,1500.0,1500.0,0.0,0.0,0.0,0.0,0.0,1500.0,0.0
3188.0,2500.0,4293.0,2500.0,1793.0,0.0,0.0,575.0,1925.0,0.0,0.0
3190.0,4000.0,4000.0,4000.0,0.0,0.0,0.0,0.0,2000.0,2000.0,0.0
3191.0,130633.0,134224.0,134224.0,0.0,1000.0,0.0,4557.0,45475.0,69192.0,14000.0
3192.0,82623.0,106959.0,104938.0,2021.0,7652.0,8372.0,0.0,57644.0,19802.0,6250.0
3194.0,29343.0,28122.0,27222.0,900.0,2050.0,0.0,0.0,5324.0,19368.0,480.0
3197.0,4500.0,4050.0,4050.0,0.0,0.0,0.0,0.0,4050.0,0.0,0.0
32.0,654738.0,1193395.0,1185795.0,0.0,76679.0,0.0,0.0,366213.0,730560.0,12343.0
320.0,418010.0,554950.0,547980.0,6970.0,76224.0,3156.0,11000.0,71727.0,357043.0,28830.0
3201.0,16406.0,28324.0,28324.0,0.0,7500.0,0.0,0.0,0.0,20824.0,0.0
3203.0,4150.0,6150.0,3500.0,2650.0,0.0,0.0,0.0,3500.0,0.0,0.0
3205.0,22808.0,54521.0,38698.0,0.0,1050.0,0.0,0.0,7750.0,29898.0,0.0
321.0,267318.0,357013.0,357013.0,0.0,0.0,0.0,12730.0,276871.0,67412.0,0.0
3211.0,65346.0,75735.0,74110.0,1625.0,15611.0,0.0,0.0,38074.0,20425.0,0.0
3212.0,13093.0,14060.0,14060.0,0.0,1180.0,0.0,0.0,0.0,12000.0,880.0
3213.0,58431.0,845.0,845.0,0.0,0.0,0.0,0.0,845.0,0.0,0.0
3214.0,58544.0,53613.0,53613.0,0.0,1722.0,1320.0,0.0,17398.0,33173.0,0.0
3215.0,1212.0,1942.0,1181.0,761.0,0.0,0.0,0.0,1181.0,0.0,0.0
3218.0,4396.0,4200.0,4200.0,0.0,0.0,0.0,0.0,4200.0,0.0,0.0
322.0,393101.0,643378.0,644658.0,0.0,48762.0,7020.0,14512.0,57949.0,506722.0,9693.0
3220.0,6000.0,12000.0,12000.0,0.0,0.0,0.0,0.0,0.0,12000.0,0.0
3221.0,1600.0,1600.0,1600.0,0.0,0.0,0.0,0.0,0.0,1600.0,0.0
3222.0,4007.0,4000.0,4000.0,0.0,0.0,0.0,0.0,0.0,4000.0,0.0
3224.0,8857.0,8400.0,8400.0,0.0,0.0,0.0,0.0,0.0,8400.0,0.0
3226.0,162061.0,317838.0,317838.0,0.0,8637.0,6678.0,0.0,3364.0,299159.0,0.0
3227.0,26088.0,36070.0,36070.0,0.0,0.0,8000.0,0.0,16070.0,9000.0,3000.0
3228.0,35476.0,45332.0,45332.0,0.0,9623.0,1000.0,0.0,11000.0,23709.0,0.0
3229.0,7500.0,7400.0,7400.0,0.0,0.0,0.0,0.0,0.0,7400.0,0.0
3230.0,54002.0,61206.0,61206.0,0.0,800.0,3800.0,0.0,12355.0,44251.0,0.0
3233.0,6950.0,6715.0,6715.0,0.0,0.0,0.0,0.0,0.0,6715.0,0.0
3235.0,12947.0,36984.0,36984.0,0.0,1000.0,0.0,0.0,8300.0,27684.0,0.0
3240.0,2000.0,4400.0,4400.0,0.0,0.0,0.0,0.0,0.0,4400.0,0.0
3241.0,73734.0,108385.0,108385.0,0.0,0.0,4975.0,1740.0,72000.0,29670.0,0.0
3242.0,38036.0,33842.0,33842.0,0.0,812.0,7225.0,0.0,8530.0,17275.0,0.0
3245.0,1510.0,1500.0,1500.0,0.0,0.0,0.0,0.0,1500.0,0.0,0.0
3247.0,46912.0,85310.0,85310.0,0.0,880.0,0.0,0.0,61230.0,1620.0,21580.0
3248.0,177691.0,214344.0,212304.0,2040.0,22637.0,3760.0,0.0,85476.0,67231.0,19200.0
3250.0,99887.0,119448.0,119448.0,0.0,15383.0,9321.0,4362.0,9725.0,78457.0,2200.0
3257.0,10000.0,14000.0,14000.0,0.0,0.0,0.0,0.0,0.0,14000.0,0.0
3259.01,2720.0,1600.0,1600.0,0.0,0.0,0.0,0.0,0.0,1600.0,0.0
3261.0,24915.0,24915.0,24915.0,0.0,0.0,0.0,9315.0,15600.0,0.0,0.0
3271.0,32894.0,40166.0,34806.0,5360.0,0.0,940.0,0.0,33866.0,0.0,0.0
3276.0,16310.0,15264.0,15264.0,0.0,0.0,3344.0,0.0,6800.0,5120.0,0.0
3279.0,18500.0,24040.0,24040.0,0.0,0.0,0.0,9040.0,0.0,0.0,15000.0
3280.0,51388.0,88788.0,87118.0,1670.0,5800.0,1700.0,0.0,76268.0,0.0,3350.0
3287.0,18500.0,26000.0,26000.0,0.0,0.0,0.0,0.0,26000.0,0.0,0.0
3289.0,4000.0,4000.0,4000.0,0.0,0.0,0.0,0.0,4000.0,0.0,0.0
3291.0,43166.0,47820.0,47820.0,0.0,0.0,28320.0,0.0,0.0,19500.0,0.0
3301.0,3610.0,3420.0,3420.0,0.0,0.0,0.0,0.0,3420.0,0.0,0.0
3303.0,65000.0,50185.0,50185.0,0.0,0.0,0.0,0.0,50185.0,0.0,0.0
3305.0,87991.0,148086.0,144086.0,0.0,1470.0,0.0,4100.0,12005.0,126511.0,0.0
3307.0,126467.0,130590.0,130590.0,0.0,3000.0,0.0,0.0,30000.0,97590.0,0.0
3308.0,189647.0,131093.0,131093.0,0.0,4691.0,12000.0,2861.0,95961.0,15580.0,0.0
3309.0,42880.0,41805.0,41805.0,0.0,388.0,0.0,0.0,34373.0,7044.0,0.0
3311.0,46567.0,61160.0,61160.0,0.0,3960.0,0.0,13700.0,29280.0,0.0,14220.0
3315.0,13850.0,13850.0,13850.0,0.0,0.0,0.0,3200.0,0.0,10650.0,0.0
3317.01,6183.0,5500.0,5500.0,0.0,0.0,0.0,5500.0,0.0,0.0,0.0
3319.0,6388.0,6350.0,6350.0,0.0,0.0,0.0,6350.0,0.0,0.0,0.0
3327.0,12000.0,30660.0,30660.0,0.0,7370.0,0.0,0.0,15920.0,0.0,7370.0
3329.0,755.0,553.0,553.0,0.0,0.0,0.0,0.0,553.0,0.0,0.0
3331.0,10842.0,21000.0,21000.0,0.0,0.0,0.0,0.0,21000.0,0.0,0.0
3348.0,159303.0,145931.0,145531.0,400.0,9840.0,0.0,550.0,79978.0,55163.0,0.0
3361.0,23319.0,22554.0,22554.0,0.0,0.0,3204.0,0.0,6700.0,12650.0,0.0
3362.0,3600.0,10800.0,10800.0,0.0,0.0,0.0,0.0,7200.0,0.0,3600.0
3363.0,5888.0,5760.0,5760.0,0.0,0.0,0.0,0.0,4200.0,1560.0,0.0
3364.0,1882.0,1260.0,1260.0,0.0,0.0,260.0,0.0,1000.0,0.0,0.0
3365.02,19669.0,19711.0,19711.0,0.0,0.0,0.0,8647.0,0.0,10364.0,0.0
3366.0,2342.0,874.0,874.0,0.0,0.0,0.0,0.0,0.0,874.0,0.0
3367.0,64726.0,76631.0,76631.0,0.0,0.0,0.0,10000.0,57548.0,9083.0,0.0
3371.0,2500.0,2500.0,2500.0,0.0,0.0,0.0,0.0,2500.0,0.0,0.0
3373.0,7483.0,21100.0,21100.0,0.0,0.0,0.0,0.0,0.0,11100.0,10000.0
3374.02,20941.0,19095.0,19095.0,0.0,0.0,0.0,0.0,8795.0,10300.0,0.0
3375.0,8750.0,12500.0,12500.0,0.0,432.0,0.0,0.0,12068.0,0.0,0.0
3386.0,31673.0,32955.0,32955.0,0.0,4628.0,0.0,0.0,7893.0,16654.0,3780.0
3387.0,5000.0,5000.0,5000.0,0.0,0.0,0.0,0.0,5000.0,0.0,0.0
3389.0,32708.0,36395.0,35395.0,1000.0,625.0,0.0,0.0,15970.0,14800.0,4000.0
339.0,7821.0,16401.0,16401.0,0.0,0.0,0.0,0.0,14428.0,1973.0,0.0
3391.0,247028.0,332743.0,332743.0,0.0,54432.0,0.0,39389.0,15074.0,213848.0,10000.0
3393.0,16155.0,25880.0,23960.0,1920.0,0.0,0.0,0.0,20710.0,3250.0,0.0
3395.0,7500.0,1620.0,1620.0,0.0,0.0,0.0,0.0,0.0,1620.0,0.0
3397.0,1960.0,3920.0,3920.0,0.0,0.0,0.0,0.0,0.0,3920.0,0.0
3398.0,34940.0,39124.0,39124.0,0.0,0.0,0.0,0.0,3468.0,35656.0,0.0
3400.0,19950.0,21335.0,20200.0,1135.0,0.0,0.0,0.0,18200.0,2000.0,0.0
3403.0,124533.0,44400.0,44400.0,0.0,0.0,0.0,0.0,10000.0,31600.0,2800.0
3405.0,66024.0,99436.0,99436.0,0.0,1800.0,0.0,0.0,29079.0,68557.0,0.0
3409.0,47537.0,44400.0,44400.0,0.0,0.0,0.0,0.0,39400.0,5000.0,0.0
3411.0,10000.0,10000.0,10000.0,0.0,0.0,0.0,0.0,10000.0,0.0,0.0
3412.0,16984.0,23776.0,23776.0,0.0,0.0,0.0,0.0,0.0,23776.0,0.0
3415.0,8042.0,7900.0,7900.0,0.0,0.0,0.0,0.0,0.0,7900.0,0.0
3421.0,11500.0,9170.0,9170.0,0.0,0.0,0.0,0.0,9170.0,0.0,0.0
3422.0,19609.0,19134.0,19134.0,0.0,0.0,2048.0,0.0,0.0,17086.0,0.0
3423.0,6574.0,9450.0,9450.0,0.0,0.0,0.0,0.0,3550.0,2950.0,2950.0
3425.0,155450.0,210360.0,210360.0,0.0,0.0,0.0,0.0,153000.0,57360.0,0.0
3427.0,60932.0,43150.0,43150.0,0.0,0.0,0.0,0.0,9000.0,34150.0,0.0
3431.0,2000.0,1840.0,1840.0,0.0,0.0,0.0,0.0,1840.0,0.0,0.0
3439.0,131620.0,114431.0,114431.0,0.0,0.0,0.0,0.0,95281.0,19150.0,0.0
3440.0,42617.0,39657.0,39657.0,0.0,1000.0,0.0,0.0,15777.0,22880.0,0.0
3443.0,2438.0,2975.0,2975.0,0.0,0.0,0.0,0.0,0.0,2975.0,0.0
3445.0,7500.0,5190.0,5190.0,0.0,0.0,0.0,0.0,2690.0,2500.0,0.0
3446.0,54580.0,47500.0,42400.0,0.0,0.0,0.0,0.0,7000.0,32400.0,3000.0
3447.0,192674.0,217470.0,216570.0,900.0,6375.0,19000.0,9500.0,88250.0,93445.0,0.0
3448.0,52137.0,50139.0,50139.0,0.0,1650.0,4640.0,1900.0,32783.0,9166.0,0.0
3449.0,5906644.0,4131485.0,4117185.0,3300.0,191808.0,0.0,30806.0,844558.0,3025925.0,22888.0
3450.0,2500.0,1900.0,1900.0,0.0,0.0,0.0,0.0,0.0,1900.0,0.0
3453.0,470876.0,484385.0,484385.0,0.0,9349.0,2500.0,0.0,44417.0,415551.0,12568.0
3454.0,4000.0,4700.0,4700.0,0.0,0.0,0.0,0.0,0.0,4700.0,0.0
3456.0,6000.0,6000.0,6000.0,0.0,0.0,0.0,0.0,6000.0,0.0,0.0
3462.02,24000.0,21660.0,21660.0,0.0,3430.0,0.0,1320.0,8990.0,7920.0,0.0
3464.0,10720.0,9920.0,9920.0,0.0,0.0,1840.0,2300.0,0.0,5780.0,0.0
3468.0,16844.0,16850.0,16850.0,0.0,0.0,0.0,0.0,15200.0,0.0,1650.0
347.0,6881.0,9170.0,9170.0,0.0,1196.0,0.0,0.0,2475.0,0.0,5499.0
3470.0,7202.0,7085.0,7085.0,0.0,0.0,0.0,0.0,7085.0,0.0,0.0
3476.0,2420.0,2744.0,2744.0,0.0,0.0,0.0,0.0,0.0,2744.0,0.0
3477.0,38959.0,39575.0,39575.0,0.0,3590.0,500.0,2500.0,11285.0,21700.0,0.0
3478.0,10500.0,11700.0,11700.0,0.0,0.0,0.0,0.0,5400.0,4100.0,2200.0
3480.0,24800.0,29250.0,29250.0,0.0,0.0,0.0,0.0,8450.0,20800.0,0.0
3481.0,99488.0,117539.0,117539.0,0.0,9166.0,6400.0,0.0,16875.0,85098.0,0.0
3482.0,6700.0,3900.0,3900.0,0.0,0.0,0.0,0.0,3900.0,0.0,0.0
3485.0,1060866.0,1122198.0,1122198.0,0.0,32830.0,3500.0,3438.0,297550.0,782380.0,2500.0
3486.0,132698.0,157753.0,148777.0,0.0,0.0,0.0,0.0,135655.0,13122.0,0.0
3491.0,2500.0,6000.0,4250.0,1750.0,1750.0,0.0,0.0,0.0,2500.0,0.0
3493.0,59027.0,64011.0,64011.0,0.0,725.0,0.0,1625.0,29198.0,32463.0,0.0
3497.0,35450.0,37057.0,37057.0,0.0,2500.0,0.0,0.0,23857.0,10700.0,0.0
3498.0,26189.0,21517.0,21517.0,0.0,940.0,0.0,0.0,10900.0,9677.0,0.0
3499.0,74201.0,122837.0,122837.0,0.0,0.0,0.0,0.0,25904.0,96558.0,375.0
3501.0,18955.0,21031.0,18531.0,2500.0,0.0,0.0,0.0,15406.0,3125.0,0.0
3504.0,23436.0,25390.0,25390.0,0.0,7260.0,0.0,0.0,0.0,18130.0,0.0
3505.0,17233.0,21733.0,21733.0,0.0,0.0,0.0,0.0,10000.0,11733.0,0.0
3507.0,60592.0,69825.0,69825.0,0.0,7500.0,0.0,0.0,25200.0,37125.0,0.0
351.0,77983.0,85480.0,85480.0,0.0,3500.0,0.0,0.0,39747.0,39433.0,2800.0
3511.0,46953.0,65794.0,65794.0,0.0,0.0,0.0,0.0,49016.0,16778.0,0.0
3513.0,22894.0,25151.0,25151.0,0.0,0.0,0.0,0.0,21376.0,3775.0,0.0
3515.0,12498.0,21584.0,18709.0,2875.0,4625.0,0.0,0.0,0.0,11722.0,2362.0
3517.0,7000.0,13000.0,9000.0,4000.0,0.0,0.0,0.0,0.0,9000.0,0.0
3519.0,72965.0,119240.0,119240.0,0.0,1337.0,500.0,0.0,40813.0,76590.0,0.0
3527.0,4750.0,4750.0,4750.0,0.0,0.0,0.0,0.0,0.0,4750.0,0.0
3529.0,43801.0,60992.0,60992.0,0.0,0.0,0.0,0.0,0.0,60992.0,0.0
353.0,4825023.0,1871119.0,1871119.0,0.0,35460.0,0.0,1000.0,806396.0,1028263.0,0.0
3531.0,30897.0,33850.0,33850.0,0.0,6087.0,4087.0,0.0,15500.0,8176.0,0.0
3537.0,10125.0,12125.0,12125.0,0.0,0.0,2000.0,0.0,0.0,10125.0,0.0
3543.0,324702.0,1099550.0,1099550.0,0.0,10490.0,4500.0,124000.0,180382.0,777490.0,2688.0
3547.0,10947.0,10782.0,9972.0,810.0,0.0,0.0,0.0,4310.0,5662.0,0.0
3549.0,27056.0,28325.0,28325.0,0.0,0.0,4148.0,0.0,24177.0,0.0,0.0
3551.0,67099.0,72122.0,68796.0,3326.0,0.0,0.0,0.0,23856.0,42827.0,0.0
3553.0,12300.0,12792.0,12792.0,0.0,0.0,1600.0,0.0,0.0,11192.0,0.0
3555.0,184213.0,366313.0,356763.0,9550.0,5255.0,0.0,2000.0,191757.0,140346.0,17405.0
3557.0,272322.0,252703.0,252703.0,0.0,2782.0,2500.0,0.0,215316.0,32105.0,0.0
3561.0,260977.0,250556.0,245683.0,4873.0,13245.0,500.0,0.0,147363.0,84575.0,0.0
3563.0,372022.0,185168.0,164243.0,10909.0,8264.0,0.0,0.0,1345.0,143080.0,0.0
3565.0,553998.0,289516.0,283899.0,0.0,7000.0,0.0,0.0,9950.0,239832.0,0.0
3569.0,44685.0,56925.0,54975.0,1950.0,0.0,2500.0,0.0,25875.0,20000.0,0.0
3571.0,5000.0,3300.0,3300.0,0.0,0.0,0.0,2500.0,800.0,0.0,0.0
3573.0,110643.0,131514.0,131514.0,0.0,20140.0,0.0,0.0,37984.0,53873.0,0.0
3575.0,15000.0,19575.0,19575.0,0.0,1000.0,0.0,5000.0,3200.0,3975.0,6400.0
3578.0,4000.0,4000.0,4000.0,0.0,0.0,0.0,0.0,4000.0,0.0,0.0
3579.0,1112548.0,872227.0,870577.0,1650.0,53454.0,0.0,5728.0,95750.0,694545.0,17500.0
358.0,3725.0,1136.0,1136.0,0.0,224.0,0.0,0.0,912.0,0.0,0.0
3589.0,1221280.0,917819.0,911477.0,1625.0,44497.0,0.0,9347.0,588563.0,269070.0,0.0
359.0,522949.0,504351.0,504351.0,0.0,14015.0,3250.0,0.0,287142.0,199944.0,0.0
3590.0,5420.0,8624.0,8624.0,0.0,0.0,0.0,0.0,0.0,4312.0,4312.0
3593.0,506642.0,482148.0,482148.0,0.0,14480.0,1392.0,27699.0,166696.0,243643.0,28238.0
3622.0,10957.0,1672.0,1672.0,0.0,0.0,0.0,0.0,1672.0,0.0,0.0
363.0,3813.0,5218.0,5218.0,0.0,0.0,0.0,0.0,2268.0,2950.0,0.0
3644.0,5633.0,4000.0,4000.0,0.0,0.0,0.0,0.0,4000.0,0.0,0.0
365.0,8577.0,8595.0,8595.0,0.0,0.0,0.0,0.0,8595.0,0.0,0.0
3672.0,8000.0,5989.0,5989.0,0.0,1592.0,0.0,0.0,2200.0,2197.0,0.0
3674.0,8000.0,11000.0,8000.0,3000.0,0.0,150.0,0.0,7850.0,0.0,0.0
3676.0,4033.0,6509.0,6509.0,0.0,2662.0,0.0,0.0,0.0,3847.0,0.0
368.0,3413.0,2150.0,2150.0,0.0,0.0,0.0,0.0,0.0,2150.0,0.0
3680.0,10010.0,5600.0,5600.0,0.0,0.0,0.0,0.0,2800.0,2800.0,0.0
3682.0,4000.0,2800.0,2800.0,0.0,0.0,0.0,0.0,0.0,2800.0,0.0
3690.0,14862.0,14576.0,14576.0,0.0,0.0,0.0,0.0,14576.0,0.0,0.0
371.0,63000.0,42667.0,42667.0,0.0,0.0,0.0,0.0,32542.0,10125.0,0.0
3720.0,19400.0,11940.0,11940.0,0.0,0.0,0.0,0.0,11940.0,0.0,0.0
3722.0,7000.0,9735.0,9735.0,0.0,800.0,0.0,0.0,6075.0,2860.0,0.0
3724.0,25754.0,19640.0,19640.0,0.0,3999.0,3000.0,0.0,7541.0,0.0,5100.0
3726.0,303550.0,243538.0,243538.0,0.0,19210.0,3000.0,9500.0,144803.0,67025.0,0.0
375.0,39589.0,41784.0,41784.0,0.0,0.0,0.0,0.0,14450.0,27334.0,0.0
376.0,10017.0,10640.0,10640.0,0.0,0.0,2080.0,0.0,7920.0,0.0,640.0
377.0,107009.0,168216.0,166149.0,2067.0,8184.0,0.0,9165.0,102931.0,39212.0,6657.0
3776.0,22975.0,21558.0,21558.0,0.0,0.0,0.0,0.0,7200.0,14358.0,0.0
378.0,6400.0,19200.0,19200.0,0.0,0.0,0.0,0.0,19200.0,0.0,0.0
3794.0,15000.0,36000.0,36000.0,0.0,0.0,0.0,0.0,36000.0,0.0,0.0
3806.0,9000.0,5441.0,5441.0,0.0,0.0,0.0,3741.0,1700.0,0.0,0.0
3810.0,2850.0,2000.0,2000.0,0.0,0.0,0.0,0.0,2000.0,0.0,0.0
3820.0,9178.0,9000.0,9000.0,0.0,0.0,0.0,0.0,9000.0,0.0,0.0
3824.0,3524.0,900.0,900.0,0.0,0.0,0.0,0.0,900.0,0.0,0.0
3828.0,10150.0,7600.0,7600.0,0.0,0.0,0.0,0.0,7600.0,0.0,0.0
3830.0,5000.0,4525.0,4525.0,0.0,0.0,0.0,0.0,4525.0,0.0,0.0
3836.0,321774.0,208028.0,208028.0,0.0,2860.0,4700.0,0.0,40596.0,159872.0,0.0
384.0,119401.0,164897.0,162096.0,2800.0,34603.0,2000.0,0.0,56037.0,64706.0,4750.0
3840.0,7000.0,2740.0,2740.0,0.0,0.0,0.0,0.0,2740.0,0.0,0.0
3846.0,42000.0,33890.0,33890.0,0.0,0.0,0.0,0.0,27404.0,6486.0,0.0
3848.0,34000.0,28656.0,28656.0,0.0,0.0,0.0,0.0,22295.0,6361.0,0.0
3860.0,8085.0,5999.0,5999.0,0.0,0.0,0.0,0.0,0.0,5240.0,0.0
3876.0,16200.0,30600.0,30600.0,0.0,0.0,0.0,0.0,30600.0,0.0,0.0
388.0,12520.0,16375.0,16375.0,0.0,1000.0,0.0,0.0,2375.0,13000.0,0.0
3880.0,8300.0,6530.0,6530.0,0.0,0.0,720.0,0.0,3650.0,2160.0,0.0
3896.0,8391.0,1320.0,1320.0,0.0,0.0,0.0,1320.0,0.0,0.0,0.0
3898.0,26000.0,26000.0,26000.0,0.0,0.0,0.0,0.0,6000.0,20000.0,0.0
390.0,39462.0,41048.0,41048.0,0.0,3683.0,0.0,0.0,14255.0,16100.0,7010.0
3900.0,10000.0,10000.0,10000.0,0.0,0.0,0.0,0.0,0.0,10000.0,0.0
3902.0,8750.0,19664.0,19664.0,0.0,0.0,0.0,0.0,13432.0,0.0,6232.0
3906.0,10752.0,9397.0,9397.0,0.0,0.0,0.0,750.0,4166.0,3081.0,1400.0
3908.0,224085.0,184930.0,184930.0,0.0,11236.0,0.0,8300.0,81870.0,81274.0,2250.0
3910.0,59800.0,53562.0,53562.0,0.0,0.0,0.0,5760.0,6500.0,34502.0,6800.0
3916.0,59675.0,60784.0,60784.0,0.0,0.0,0.0,0.0,33740.0,27044.0,0.0
3922.0,35151.0,26000.0,26000.0,0.0,0.0,0.0,0.0,8000.0,18000.0,0.0
3924.0,7990.0,7874.0,7874.0,0.0,0.0,0.0,0.0,0.0,7874.0,0.0
3928.0,40875.0,32870.0,32870.0,0.0,0.0,0.0,0.0,32870.0,0.0,0.0
3930.0,14000.0,12100.0,12100.0,0.0,900.0,0.0,0.0,6000.0,5200.0,0.0
3932.0,291071.0,274165.0,268268.0,0.0,400.0,5600.0,6900.0,183548.0,71820.0,0.0
3934.0,3600.0,4680.0,4680.0,0.0,0.0,0.0,0.0,4680.0,0.0,0.0
3936.0,9000.0,4883.0,4883.0,0.0,0.0,4883.0,0.0,0.0,0.0,0.0
3944.01,199637.0,170567.0,170567.0,0.0,0.0,2400.0,21000.0,51792.0,80088.0,0.0
3946.0,33400.0,26350.0,26350.0,0.0,1250.0,0.0,0.0,16100.0,9000.0,0.0
3954.0,20000.0,20000.0,20000.0,0.0,0.0,5000.0,0.0,10000.0,5000.0,0.0
3958.0,10600.0,8238.0,8238.0,0.0,0.0,0.0,0.0,8238.0,0.0,0.0
396.0,2517.0,4446.0,4446.0,0.0,0.0,0.0,0.0,0.0,4446.0,0.0
3960.0,365610.0,375250.0,375250.0,0.0,1075.0,0.0,18400.0,276957.0,78818.0,0.0
3962.0,98546.0,103185.0,88085.0,0.0,4748.0,3668.0,6644.0,33250.0,39775.0,0.0
3966.0,2376.0,2376.0,2376.0,0.0,0.0,0.0,0.0,0.0,2376.0,0.0
3968.0,2204.0,2000.0,2000.0,0.0,0.0,0.0,0.0,0.0,2000.0,0.0
3970.0,88230.0,39320.0,39320.0,0.0,0.0,0.0,0.0,1320.0,38000.0,0.0
398.0,609.0,1200.0,1200.0,0.0,0.0,0.0,240.0,960.0,0.0,0.0
41.0,2796496.0,2272294.0,2272294.0,0.0,237126.0,2300.0,35248.0,1051376.0,891026.0,43218.0
41008.02,2100.0,2100.0,2100.0,0.0,0.0,2100.0,0.0,0.0,0.0,0.0
41010.01,61094.0,48921.0,48921.0,0.0,0.0,0.0,0.0,0.0,5671.0,43250.0
41017.0,5255.0,1235.0,1235.0,0.0,0.0,0.0,0.0,1235.0,0.0,0.0
41032.02,224633.0,170190.0,170190.0,0.0,3500.0,6750.0,0.0,83411.0,42750.0,33779.0
4106.0,7213.0,2150.0,2150.0,0.0,500.0,0.0,0.0,1650.0,0.0,0.0
4107.01,45269.0,52282.0,52282.0,0.0,11100.0,0.0,0.0,26250.0,14932.0,0.0
4108.0,2500.0,2860.0,2860.0,0.0,360.0,0.0,0.0,2500.0,0.0,0.0
4111.0,7500.0,3600.0,3600.0,0.0,2900.0,0.0,0.0,700.0,0.0,0.0
41113.0,16406.0,16000.0,16000.0,0.0,0.0,0.0,0.0,16000.0,0.0,0.0
4112.0,47017.0,45828.0,45828.0,0.0,800.0,0.0,0.0,40398.0,4630.0,0.0
4114.0,22790.0,17412.0,17412.0,0.0,0.0,0.0,0.0,9412.0,8000.0,0.0
4115.0,8376.0,6988.0,6113.0,875.0,0.0,0.0,0.0,1625.0,4488.0,0.0
4116.0,7449.0,7360.0,7360.0,0.0,0.0,0.0,0.0,7360.0,0.0,0.0
41167.0,13350.0,11710.0,11710.0,0.0,0.0,0.0,0.0,0.0,0.0,11710.0
41175.0,52920.0,53053.0,53053.0,0.0,0.0,0.0,1000.0,34068.0,17985.0,0.0
41181.0,5175.0,3080.0,3080.0,0.0,1200.0,1200.0,0.0,680.0,0.0,0.0
4119.0,27500.0,34425.0,34425.0,0.0,450.0,0.0,9550.0,24425.0,0.0,0.0
41191.0,11300.0,8663.0,8663.0,0.0,0.0,0.0,1850.0,6263.0,0.0,550.0
4122.0,12022.0,12000.0,12000.0,0.0,0.0,0.0,0.0,12000.0,0.0,0.0
41223.0,26464.0,18525.0,18525.0,0.0,0.0,0.0,0.0,13685.0,4840.0,0.0
4123.01,1204769.0,1156319.0,1155456.0,863.0,178289.0,3800.0,33733.0,765659.0,159615.0,2860.0
4124.0,20896.0,23425.0,23425.0,0.0,4500.0,5100.0,3875.0,2000.0,5550.0,2400.0
4132.0,19862.0,20962.0,20962.0,0.0,0.0,0.0,5300.0,15662.0,0.0,0.0
41341.0,5800.0,3456.0,3456.0,0.0,500.0,0.0,0.0,2956.0,0.0,0.0
4137.0,30008.0,30000.0,30000.0,0.0,4000.0,0.0,0.0,26000.0,0.0,0.0
4138.0,44880.0,34487.0,32987.0,1500.0,2440.0,0.0,1372.0,21572.0,0.0,7603.0
4141.0,239304.0,299072.0,299072.0,0.0,58814.0,0.0,6000.0,173678.0,60580.0,0.0
41417.0,6000.0,6900.0,6900.0,0.0,1500.0,0.0,0.0,0.0,5400.0,0.0
4142.01,74202.0,80576.0,79576.0,1000.0,5550.0,0.0,1500.0,64622.0,0.0,7904.0
4142.02,202019.0,241347.0,241347.0,0.0,11100.0,0.0,0.0,188017.0,42230.0,0.0
4144.0,69401.0,65105.0,65105.0,0.0,7050.0,0.0,3225.0,30280.0,24550.0,0.0
41447.0,5000.0,2016.0,2016.0,0.0,0.0,0.0,0.0,2016.0,0.0,0.0
4145.0,4500.0,4500.0,4500.0,0.0,500.0,0.0,0.0,4000.0,0.0,0.0
4147.0,2250.0,2225.0,2225.0,0.0,500.0,0.0,0.0,1725.0,0.0,0.0
41471.0,5850.0,4425.0,4425.0,0.0,0.0,0.0,0.0,1500.0,2925.0,0.0
4148.0,19841.0,10100.0,10100.0,0.0,720.0,0.0,0.0,7380.0,2000.0,0.0
4149.0,666.0,660.0,660.0,0.0,0.0,0.0,0.0,660.0,0.0,0.0
4152.0,61439.0,50660.0,50660.0,0.0,2500.0,0.0,0.0,31800.0,16360.0,0.0
4154.0,22375.0,16346.0,16346.0,0.0,1200.0,750.0,1920.0,12476.0,0.0,0.0
4155.0,2500.0,2500.0,2500.0,0.0,0.0,0.0,0.0,2500.0,0.0,0.0
4156.0,15832.0,16184.0,16184.0,0.0,384.0,1296.0,0.0,14504.0,0.0,0.0
4157.0,127811.0,143727.0,143727.0,0.0,10637.0,1716.0,18615.0,95299.0,10000.0,7460.0
4158.01,11843.0,14625.0,12288.0,2337.0,888.0,0.0,0.0,11400.0,0.0,0.0
4159.0,6000.0,6000.0,6000.0,0.0,0.0,0.0,0.0,6000.0,0.0,0.0
4163.0,10489.0,10050.0,10050.0,0.0,0.0,0.0,0.0,10050.0,0.0,0.0
4166.0,4000.0,2450.0,2450.0,0.0,0.0,0.0,0.0,1150.0,1300.0,0.0
4169.0,109455.0,75250.0,75250.0,0.0,58549.0,0.0,0.0,0.0,16701.0,0.0
4171.0,613270.0,579109.0,484209.0,0.0,43365.0,0.0,0.0,362401.0,75343.0,3100.0
4178.0,3756.0,1646.0,1646.0,0.0,0.0,0.0,0.0,783.0,863.0,0.0
4179.0,807298.0,1167336.0,1167336.0,0.0,178202.0,17200.0,55500.0,459036.0,442498.0,14900.0
4180.0,48000.0,4800.0,4800.0,0.0,0.0,0.0,0.0,0.0,0.0,4800.0
4183.0,9767.0,18150.0,18150.0,0.0,0.0,0.0,0.0,0.0,18150.0,0.0
4184.02,13625.0,8000.0,8000.0,0.0,0.0,0.0,0.0,8000.0,0.0,0.0
4187.0,31836.0,25914.0,25914.0,0.0,1650.0,0.0,0.0,3300.0,20964.0,0.0
4189.0,366592.0,607744.0,607744.0,0.0,72192.0,0.0,0.0,342132.0,193420.0,0.0
419.0,583063.0,855512.0,851232.0,4280.0,59786.0,7431.0,6600.0,367387.0,370203.0,39825.0
4199.0,2623807.0,2617354.0,2621354.0,0.0,286303.0,25964.0,61099.0,1639101.0,545906.0,62981.0
4202.0,11184.0,4751.0,4751.0,0.0,1490.0,0.0,0.0,1050.0,1056.0,0.0
4204.0,169824.0,125293.0,125293.0,0.0,2209.0,2750.0,6050.0,68289.0,28495.0,0.0
4205.0,1805784.0,949518.0,949518.0,0.0,130301.0,0.0,89700.0,607995.0,103601.0,17921.0
4206.0,8406.0,8406.0,8406.0,0.0,1750.0,3406.0,0.0,3250.0,0.0,0.0
4208.0,321026.0,302727.0,302727.0,0.0,8355.0,16500.0,0.0,62422.0,197350.0,0.0
4212.0,65001.0,86276.0,86276.0,0.0,2275.0,0.0,0.0,29740.0,54261.0,0.0
4214.0,8400.0,5200.0,5200.0,0.0,800.0,2200.0,0.0,0.0,2200.0,0.0
4219.0,7115922.0,4601360.0,4600720.0,640.0,271607.0,20000.0,150060.0,3272069.0,868296.0,18688.0
4229.0,158578.0,171410.0,171410.0,0.0,20027.0,0.0,0.0,86063.0,65320.0,0.0
4230.0,7960.0,5990.0,5990.0,0.0,880.0,2000.0,0.0,3110.0,0.0,0.0
4235.0,177422.0,155481.0,155481.0,0.0,16360.0,0.0,4500.0,40245.0,82016.0,12360.0
4238.0,14988.0,24000.0,24000.0,0.0,0.0,7500.0,2300.0,0.0,14200.0,0.0
424.0,41220.0,43628.0,43628.0,0.0,0.0,0.0,10500.0,23228.0,0.0,0.0
4240.0,437.0,437.0,437.0,0.0,0.0,0.0,0.0,0.0,437.0,0.0
4243.0,285507.0,237520.0,237520.0,0.0,8370.0,0.0,3720.0,77338.0,148092.0,0.0
4246.0,4387.0,2550.0,2550.0,0.0,890.0,0.0,0.0,0.0,0.0,1660.0
4249.0,4264.0,7540.0,7540.0,0.0,1344.0,0.0,388.0,0.0,5808.0,0.0
4253.02,37835.0,44680.0,44680.0,0.0,0.0,5300.0,4860.0,29660.0,4860.0,0.0
4254.0,86623.0,69830.0,69830.0,0.0,0.0,0.0,0.0,49290.0,20140.0,400.0
4255.0,173662.0,192708.0,192372.0,336.0,41545.0,0.0,7500.0,59791.0,83536.0,0.0
4257.0,78812.0,111055.0,111055.0,0.0,8750.0,0.0,0.0,36264.0,62291.0,3750.0
4258.0,32335.0,23500.0,23500.0,0.0,0.0,0.0,1500.0,0.0,22000.0,0.0
4259.0,90666.0,90455.0,90455.0,0.0,5804.0,0.0,7496.0,54267.0,21800.0,1088.0
426.0,4992.0,4300.0,4300.0,0.0,0.0,0.0,0.0,4300.0,0.0,0.0
4261.0,7003.0,9872.0,7436.0,2436.0,720.0,0.0,0.0,3436.0,3280.0,0.0
4263.0,2700.0,6300.0,6300.0,0.0,900.0,0.0,0.0,2700.0,0.0,2700.0
4264.0,2832.0,3000.0,3000.0,0.0,0.0,0.0,0.0,3000.0,0.0,0.0
428.0,8000.0,7000.0,4000.0,0.0,0.0,0.0,0.0,4000.0,0.0,0.0
4282.0,55868.0,35826.0,35826.0,0.0,3250.0,0.0,0.0,32576.0,0.0,0.0
4284.0,42200.0,34000.0,34000.0,0.0,0.0,0.0,0.0,0.0,34000.0,0.0
4287.0,4650.0,4500.0,4500.0,0.0,0.0,0.0,0.0,4500.0,0.0,0.0
4293.0,84613.0,88940.0,81360.0,0.0,4617.0,680.0,700.0,71885.0,3478.0,0.0
4294.0,490592.0,453903.0,453903.0,0.0,95846.0,1500.0,0.0,318681.0,24337.0,13539.0
4297.0,426044.0,435290.0,432590.0,2700.0,53467.0,880.0,200.0,156109.0,197957.0,23977.0
4299.0,507669.0,334880.0,242536.0,0.0,41141.0,0.0,0.0,103641.0,95759.0,1995.0
4306.0,605475.0,601476.0,601476.0,0.0,131720.0,0.0,8616.0,141946.0,319194.0,0.0
431.0,54218.0,66490.0,66490.0,0.0,4000.0,1000.0,2500.0,40790.0,15700.0,2500.0
4317.0,22807.0,21493.0,21493.0,0.0,5377.0,0.0,0.0,10641.0,5475.0,0.0
432.0,34687.0,26036.0,26036.0,0.0,4280.0,0.0,0.0,0.0,16756.0,0.0
4320.0,1724358.0,1626774.0,1617054.0,0.0,378459.0,1000.0,14000.0,549226.0,582080.0,92289.0
4328.0,87939.0,34996.0,34996.0,0.0,9036.0,0.0,0.0,19000.0,6960.0,0.0
4329.0,131897.0,118312.0,118312.0,0.0,14287.0,0.0,0.0,0.0,104025.0,0.0
433.0,420185.0,673748.0,671116.0,2632.0,44620.0,2400.0,7000.0,379499.0,211014.0,17265.0
434.0,10076.0,10000.0,10000.0,0.0,720.0,0.0,0.0,9280.0,0.0,0.0
4347.0,2808.0,1412.0,1412.0,0.0,0.0,0.0,0.0,1412.0,0.0,0.0
4352.0,710844.0,217027.0,217027.0,0.0,3510.0,2100.0,0.0,102117.0,85058.0,17636.0
4358.0,40300.0,28000.0,28000.0,0.0,1200.0,0.0,0.0,26800.0,0.0,0.0
436.0,28118.0,16428.0,14588.0,1840.0,5068.0,0.0,0.0,7680.0,0.0,0.0
4365.0,18174.0,14980.0,14980.0,0.0,880.0,0.0,0.0,14100.0,0.0,0.0
4366.0,31649.0,17408.0,17408.0,0.0,0.0,0.0,0.0,15008.0,2400.0,0.0
4368.0,5880.0,2800.0,2800.0,0.0,0.0,0.0,0.0,2800.0,0.0,0.0
437.0,94523.0,135400.0,135400.0,0.0,0.0,0.0,0.0,0.0,135400.0,0.0
4373.0,26274.0,26274.0,26274.0,0.0,2560.0,8306.0,8352.0,7056.0,0.0,0.0
4375.0,34675.0,32873.0,32873.0,0.0,1000.0,0.0,0.0,14698.0,17175.0,0.0
438.0,46572.0,32095.0,32095.0,0.0,3080.0,0.0,2800.0,13415.0,7200.0,5600.0
4381.0,6230.0,6229.0,6229.0,0.0,1500.0,0.0,0.0,0.0,4729.0,0.0
4383.01,473733.0,312449.0,312449.0,0.0,26350.0,1200.0,7720.0,136650.0,121329.0,0.0
439.0,191254.0,198729.0,197764.0,965.0,28259.0,0.0,5000.0,84665.0,71467.0,8373.0
4399.0,14198.0,19175.0,19175.0,0.0,2000.0,2000.0,0.0,0.0,15175.0,0.0
44.0,12000.0,12000.0,12000.0,0.0,0.0,0.0,0.0,0.0,12000.0,0.0
440.01,3247.0,2635.0,2635.0,0.0,0.0,0.0,0.0,0.0,2635.0,0.0
4401.0,15000.0,10216.0,10216.0,0.0,0.0,0.0,0.0,10216.0,0.0,0.0
4403.0,3058.0,1110.0,1110.0,0.0,0.0,0.0,0.0,1110.0,0.0,0.0
4405.0,21360.0,32520.0,32520.0,0.0,0.0,0.0,0.0,0.0,32520.0,0.0
4407.0,5000.0,4275.0,4275.0,0.0,1425.0,0.0,0.0,2850.0,0.0,0.0
4409.0,11000.0,8851.0,7600.0,1251.0,0.0,0.0,0.0,7600.0,0.0,0.0
4413.0,8045.0,9245.0,6895.0,2350.0,600.0,0.0,0.0,6295.0,0.0,0.0
4414.0,496701.0,299339.0,299339.0,0.0,14600.0,0.0,0.0,284739.0,0.0,0.0
4415.0,5000.0,7077.0,5639.0,1438.0,1375.0,0.0,0.0,2214.0,1800.0,250.0
442.0,9624.0,2855.0,2855.0,0.0,880.0,0.0,0.0,1975.0,0.0,0.0
4424.0,83503.0,71001.0,71001.0,0.0,0.0,0.0,0.0,59344.0,0.0,0.0
4427.0,16202.0,8655.0,8655.0,0.0,538.0,943.0,0.0,800.0,6374.0,0.0
443.0,42424.0,48261.0,48261.0,0.0,15086.0,0.0,0.0,32300.0,875.0,0.0
4432.0,17200.0,9522.0,9522.0,0.0,0.0,0.0,0.0,0.0,9522.0,0.0
4439.0,15408.0,8702.0,7302.0,1400.0,0.0,0.0,0.0,7302.0,0.0,0.0
4440.0,129348.0,132600.0,132600.0,0.0,9500.0,0.0,0.0,100800.0,22300.0,0.0
4443.02,68727.0,57365.0,57365.0,0.0,6975.0,0.0,0.0,22250.0,28140.0,0.0
4444.0,1456568.0,1504875.0,1499875.0,5000.0,93788.0,20500.0,3150.0,687130.0,649497.0,14310.0
445.0,191320.0,145942.0,145942.0,0.0,3600.0,1350.0,0.0,97192.0,43800.0,0.0
4465.0,9248.0,4419.0,3719.0,700.0,0.0,0.0,760.0,2959.0,0.0,0.0
4468.0,2080.0,1460.0,1460.0,0.0,0.0,0.0,0.0,1460.0,0.0,0.0
447.0,59277.0,44700.0,44700.0,0.0,7740.0,0.0,0.0,36960.0,0.0,0.0
4473.0,13418.0,13418.0,13418.0,0.0,0.0,0.0,0.0,0.0,13418.0,0.0
4479.0,8806.0,6034.0,6034.0,0.0,400.0,0.0,0.0,0.0,5100.0,534.0
4484.0,20080.0,17000.0,17000.0,0.0,0.0,1200.0,0.0,13800.0,0.0,2000.0
4485.0,84360.0,81365.0,81365.0,0.0,7275.0,2272.0,0.0,47788.0,24030.0,0.0
4489.0,295536.0,302311.0,302311.0,0.0,17459.0,4000.0,1900.0,120965.0,157987.0,0.0
4493.02,6032.0,4906.0,4906.0,0.0,660.0,0.0,0.0,2200.0,2046.0,0.0
4497.0,2333.0,2000.0,2000.0,0.0,0.0,0.0,0.0,2000.0,0.0,0.0
4499.0,129376.0,52341.0,52341.0,0.0,10000.0,0.0,0.0,0.0,38341.0,4000.0
4500.0,30725.0,16668.0,16668.0,0.0,1780.0,6688.0,6600.0,1600.0,0.0,0.0
451.0,109307.0,115367.0,115367.0,0.0,14730.0,1500.0,9750.0,48302.0,41085.0,0.0
4511.0,2500.0,500.0,500.0,0.0,0.0,0.0,0.0,500.0,0.0,0.0
4515.0,115586.0,75485.0,71081.0,0.0,6975.0,0.0,0.0,26531.0,37575.0,0.0
4517.0,2163.0,3375.0,3375.0,0.0,1375.0,0.0,0.0,2000.0,0.0,0.0
452.0,10004.0,7430.0,5680.0,1750.0,556.0,0.0,0.0,5124.0,0.0,0.0
4521.0,111088.0,128726.0,128726.0,0.0,0.0,0.0,0.0,123926.0,4800.0,0.0
4525.0,217106.0,346573.0,346573.0,0.0,14810.0,0.0,0.0,134236.0,197527.0,0.0
453.0,10271.0,10125.0,10125.0,0.0,0.0,0.0,0.0,6125.0,4000.0,0.0
4531.0,514388.0,511134.0,508280.0,816.0,37009.0,0.0,4500.0,324822.0,141949.0,0.0
4535.0,2063938.0,1365014.0,1364264.0,750.0,57821.0,0.0,4198.0,996857.0,290068.0,15320.0
4539.0,601442.0,562360.0,562360.0,0.0,93145.0,3670.0,0.0,371968.0,93577.0,0.0
454.0,38947.0,34256.0,34256.0,0.0,0.0,0.0,11748.0,10530.0,11978.0,0.0
4540.0,119984.0,67701.0,67701.0,0.0,1520.0,21703.0,254.0,10000.0,24544.0,9680.0
4545.0,7219.0,7450.0,7450.0,0.0,1550.0,0.0,0.0,5900.0,0.0,0.0
4547.0,2029.0,1920.0,1920.0,0.0,0.0,0.0,0.0,1920.0,0.0,0.0
4549.0,7267.0,10045.0,6633.0,3412.0,1000.0,0.0,0.0,3250.0,2383.0,0.0
455.0,188047.0,188009.0,188009.0,0.0,30641.0,0.0,22158.0,57841.0,62619.0,14750.0
4553.0,12508.0,11974.0,11974.0,0.0,0.0,0.0,0.0,1974.0,10000.0,0.0
4555.0,92191.0,115075.0,115075.0,0.0,8875.0,0.0,0.0,93200.0,13000.0,0.0
4557.0,94450.0,94272.0,92147.0,2125.0,2750.0,623.0,0.0,82116.0,1375.0,5283.0
4559.0,97533.0,79666.0,79665.0,0.0,1170.0,0.0,3180.0,41512.0,30803.0,3000.0
4565.0,17491.0,15270.0,13520.0,1750.0,0.0,0.0,6607.0,4513.0,0.0,2400.0
4567.0,7908.0,7780.0,7780.0,0.0,0.0,3650.0,0.0,4130.0,0.0,0.0
4568.0,54511.0,56565.0,56565.0,0.0,0.0,0.0,0.0,5580.0,50985.0,0.0
457.0,102418.0,157284.0,154664.0,2620.0,14391.0,14700.0,7500.0,76073.0,42000.0,0.0
4577.0,800.0,608.0,608.0,0.0,0.0,0.0,0.0,608.0,0.0,0.0
4579.0,13000.0,13000.0,13000.0,0.0,3250.0,0.0,0.0,0.0,9750.0,0.0
4585.0,2950.0,1638.0,1638.0,0.0,0.0,0.0,0.0,1638.0,0.0,0.0
4591.0,5355.0,3800.0,3800.0,0.0,0.0,0.0,0.0,3800.0,0.0,0.0
4593.0,15222.0,7860.0,7860.0,0.0,2100.0,0.0,0.0,5760.0,0.0,0.0
4595.0,426300.0,623986.0,623986.0,0.0,6450.0,0.0,0.0,19375.0,598161.0,0.0
4599.0,2500.0,2487.0,2487.0,0.0,0.0,0.0,0.0,2487.0,0.0,0.0
4601.0,19764.0,8843.0,8843.0,0.0,0.0,0.0,0.0,7300.0,1543.0,0.0
4603.0,27099.0,25324.0,25324.0,0.0,1000.0,0.0,0.0,24324.0,0.0,0.0
461.0,4842.0,2400.0,2400.0,0.0,0.0,0.0,0.0,2400.0,0.0,0.0
4613.01,594344.0,497450.0,497450.0,0.0,10957.0,1623.0,0.0,453470.0,11400.0,20000.0
4616.02,35392.0,8325.0,5925.0,2400.0,0.0,0.0,0.0,5925.0,0.0,0.0
4619.0,95383.0,90501.0,90500.0,0.0,0.0,100.0,1000.0,65090.0,24310.0,0.0
462.02,4087.0,600.0,600.0,0.0,0.0,0.0,0.0,600.0,0.0,0.0
4621.0,159113.0,141973.0,141973.0,0.0,8365.0,0.0,0.0,133608.0,0.0,0.0
4623.0,16121.0,11585.0,11585.0,0.0,700.0,0.0,910.0,9975.0,0.0,0.0
4625.0,7801.0,8136.0,8136.0,0.0,0.0,0.0,500.0,2000.0,5076.0,560.0
4626.0,8967.0,1155.0,1155.0,0.0,0.0,0.0,0.0,0.0,1155.0,0.0
4627.0,1125.0,2050.0,2050.0,0.0,0.0,0.0,0.0,0.0,2050.0,0.0
4629.0,9135.0,8539.0,8539.0,0.0,0.0,0.0,0.0,8539.0,0.0,0.0
463.0,13053.0,13707.0,12564.0,1143.0,1200.0,1500.0,0.0,8364.0,1500.0,0.0
4633.01,17412.0,16100.0,16100.0,0.0,0.0,900.0,0.0,15200.0,0.0,0.0
4633.02,32550.0,26635.0,26635.0,0.0,2565.0,0.0,0.0,24070.0,0.0,0.0
4637.0,842356.0,638410.0,638410.0,0.0,25914.0,650.0,2000.0,416690.0,193156.0,0.0
4638.0,8785.0,10200.0,10200.0,0.0,2000.0,0.0,0.0,6200.0,0.0,2000.0
4656.0,216640.0,10405.0,10405.0,0.0,1754.0,0.0,0.0,0.0,8651.0,0.0
4661.0,1979.0,1183.0,1183.0,0.0,0.0,0.0,0.0,1183.0,0.0,0.0
4664.0,1241774.0,573930.0,573930.0,0.0,218690.0,6140.0,0.0,345500.0,0.0,3600.0
4680.0,1905.0,660.0,660.0,0.0,0.0,0.0,0.0,660.0,0.0,0.0
469.0,2002.0,1025.0,1025.0,0.0,0.0,0.0,0.0,1025.0,0.0,0.0
4690.0,232200.0,227389.0,227389.0,0.0,14600.0,0.0,0.0,46800.0,165989.0,0.0
4694.0,12400.0,10000.0,10000.0,0.0,1840.0,0.0,0.0,8160.0,0.0,0.0
47.0,252046.0,337572.0,334122.0,3450.0,53537.0,5176.0,0.0,177744.0,95265.0,2400.0
4703.0,9625.0,4750.0,4750.0,0.0,0.0,0.0,0.0,4750.0,0.0,0.0
471.0,10655.0,19885.0,19060.0,825.0,8780.0,1500.0,0.0,8780.0,0.0,0.0
477.0,8500.0,6940.0,6940.0,0.0,1610.0,0.0,0.0,1580.0,3750.0,0.0
479.0,27014.0,19425.0,18225.0,1200.0,0.0,0.0,0.0,14475.0,3750.0,0.0
4790.0,38576.0,11076.0,11076.0,0.0,1500.0,0.0,0.0,6300.0,3276.0,0.0
481.0,76297.0,78902.0,73902.0,5000.0,3000.0,0.0,0.0,48762.0,19140.0,3000.0
4818.0,4375.0,7050.0,4180.0,2870.0,0.0,0.0,4180.0,0.0,0.0,0.0
483.0,110776.0,112507.0,110323.0,1620.0,6656.0,5600.0,0.0,94220.0,3045.0,802.0
4840.0,27792.0,20360.0,20360.0,0.0,2200.0,300.0,1100.0,13480.0,0.0,3280.0
4846.02,66636.0,42400.0,42400.0,0.0,2600.0,0.0,13200.0,11600.0,0.0,15000.0
4849.0,256889.0,360026.0,360026.0,0.0,24898.0,18870.0,13446.0,9770.0,291042.0,2000.0
485.0,497663.0,459756.0,458556.0,1200.0,70871.0,500.0,5300.0,242846.0,118946.0,20093.0
4859.0,3800.0,2400.0,2400.0,0.0,0.0,0.0,0.0,0.0,2400.0,0.0
486.0,23413.0,24562.0,32129.0,0.0,10749.0,10940.0,0.0,10440.0,0.0,0.0
4864.0,5780.0,672.0,672.0,0.0,0.0,0.0,0.0,672.0,0.0,0.0
4869.0,1203639.0,1056242.0,1052189.0,4053.0,106491.0,23500.0,50618.0,212802.0,639242.0,19536.0
487.0,133231.0,83890.0,83890.0,0.0,3596.0,0.0,7269.0,53721.0,16200.0,3104.0
4871.0,27318.0,13852.0,13852.0,0.0,422.0,422.0,0.0,3233.0,9775.0,0.0
488.0,27116.0,24080.0,24080.0,0.0,0.0,3850.0,0.0,0.0,20230.0,0.0
4884.0,1576.0,800.0,800.0,0.0,0.0,0.0,0.0,0.0,800.0,0.0
4907.0,1623874.0,845759.0,845024.0,735.0,78320.0,0.0,51618.0,92866.0,507371.0,3529.0
491.0,251557.0,194050.0,194050.0,0.0,16000.0,0.0,0.0,116300.0,61750.0,0.0
4919.0,147000.0,132204.0,131364.0,840.0,16923.0,2000.0,3500.0,19378.0,78363.0,2000.0
4925.0,101598.0,157247.0,157247.0,0.0,3400.0,0.0,0.0,26247.0,118700.0,0.0
4929.0,582959.0,393597.0,392397.0,1200.0,40067.0,0.0,4166.0,104571.0,240843.0,2750.0
4938.0,4880.0,1303.0,1303.0,0.0,0.0,0.0,0.0,0.0,1303.0,0.0
494.0,27361.0,28540.0,27040.0,1500.0,0.0,0.0,6000.0,17575.0,3465.0,0.0
4942.01,105323.0,114312.0,114312.0,0.0,0.0,0.0,0.0,94656.0,19656.0,0.0
4942.02,248874.0,96834.0,94979.0,1855.0,3184.0,0.0,0.0,16184.0,60251.0,15360.0
4945.0,496781.0,328586.0,327916.0,670.0,65275.0,3128.0,0.0,171986.0,81300.0,6227.0
4947.0,222777.0,234176.0,233056.0,1120.0,40276.0,0.0,0.0,107020.0,55710.0,2200.0
4954.0,7984.0,4620.0,4620.0,0.0,0.0,0.0,0.0,0.0,4620.0,0.0
4964.0,20000.0,5000.0,5000.0,0.0,0.0,0.0,0.0,5000.0,0.0,0.0
4972.04,29183.0,28000.0,28000.0,0.0,0.0,0.0,0.0,0.0,28000.0,0.0
4981.0,40053.0,21600.0,15184.0,6416.0,1500.0,0.0,1500.0,8184.0,4000.0,0.0
4987.0,683119.0,278744.0,278744.0,0.0,23807.0,0.0,3720.0,3520.0,247697.0,0.0
5105.0,11028.0,5640.0,5640.0,0.0,0.0,0.0,0.0,5640.0,0.0,0.0
511.0,5000.0,1960.0,1960.0,0.0,0.0,0.0,0.0,0.0,1960.0,0.0
5112.02,4949.0,4475.0,4475.0,0.0,920.0,1155.0,0.0,2400.0,0.0,0.0
5122.0,6595.0,2346.0,2346.0,0.0,0.0,0.0,0.0,2346.0,0.0,0.0
5125.0,54385.0,46880.0,46880.0,0.0,0.0,0.0,0.0,0.0,40000.0,0.0
5133.02,299913.0,122680.0,120783.0,1897.0,10879.0,1190.0,24310.0,84404.0,0.0,0.0
5146.04,20100.0,9000.0,9000.0,0.0,0.0,3080.0,0.0,5920.0,0.0,0.0
5146.05,25600.0,7350.0,7350.0,0.0,0.0,0.0,0.0,7350.0,0.0,0.0
5207.0,468604.0,229159.0,228080.0,1079.0,12387.0,18850.0,5492.0,63804.0,43347.0,8100.0
5208.01,59690.0,14396.0,14396.0,0.0,0.0,0.0,0.0,14396.0,0.0,0.0
521.0,54350.0,39409.0,38116.0,1293.0,2300.0,0.0,0.0,35816.0,0.0,0.0
5213.0,25664.0,25306.0,25306.0,0.0,792.0,10359.0,0.0,14155.0,0.0,0.0
5223.0,527433.0,142697.0,137041.0,5656.0,9300.0,1656.0,16768.0,28704.0,50235.0,0.0
5226.0,2138281.0,702588.0,699888.0,2700.0,121753.0,29860.0,12769.0,115210.0,420296.0,0.0
5228.0,62640.0,82760.0,82760.0,0.0,1400.0,6360.0,0.0,37500.0,37500.0,0.0
5231.0,91775.0,22700.0,22700.0,0.0,792.0,0.0,0.0,9700.0,12208.0,0.0
5239.0,213595.0,155430.0,154062.0,1368.0,1400.0,0.0,0.0,6608.0,146054.0,0.0
5248.0,394103.0,148737.0,148737.0,0.0,7755.0,0.0,0.0,52001.0,84981.0,4000.0
527.0,31542.0,21930.0,21930.0,0.0,0.0,6180.0,1000.0,7050.0,7700.0,0.0
5279.0,465037.0,10800.0,10800.0,0.0,0.0,0.0,0.0,8400.0,0.0,2400.0
529.0,71295.0,33305.0,33305.0,0.0,1620.0,0.0,0.0,29435.0,2250.0,0.0
5291.02,5869948.0,2267676.0,2267675.0,0.0,58445.0,0.0,4950.0,131960.0,1991360.0,31560.0
5291.03,426226.0,111465.0,81965.0,0.0,6725.0,0.0,0.0,38400.0,36840.0,0.0
53.0,5716.0,18965.0,18965.0,0.0,0.0,6965.0,0.0,12000.0,0.0,0.0
5319.02,1228440.0,298199.0,298199.0,0.0,9958.0,0.0,0.0,225520.0,59061.0,3660.0
5323.0,472975.0,161719.0,161719.0,0.0,22870.0,600.0,10600.0,14860.0,112201.0,588.0
540.0,80300.0,20000.0,20000.0,0.0,0.0,0.0,0.0,20000.0,0.0,0.0
550.0,49176.0,21800.0,21800.0,0.0,0.0,5400.0,0.0,10600.0,5800.0,0.0
56.0,529804.0,245644.0,245644.0,0.0,3106.0,0.0,0.0,181922.0,42916.0,17700.0
564.0,5340.0,5052.0,5052.0,0.0,0.0,0.0,0.0,0.0,5052.0,0.0
57.0,24450.0,450.0,0.0,0.0,0.0,0.0,0.0,0.0,0.0,0.0
570.0,2495.0,2000.0,2000.0,0.0,0.0,0.0,0.0,2000.0,0.0,0.0
574.0,10670.0,6235.0,6235.0,0.0,0.0,0.0,0.0,6235.0,0.0,0.0
58.0,30330.0,27892.0,27892.0,0.0,3910.0,0.0,0.0,5402.0,18580.0,0.0
581.0,467874.0,978080.0,978080.0,0.0,10500.0,12300.0,0.0,954080.0,1200.0,0.0
596.01,1850.0,1100.0,1100.0,0.0,0.0,0.0,0.0,1100.0,0.0,0.0
597.0,120349.0,24680.0,24680.0,0.0,0.0,5200.0,0.0,19480.0,0.0,0.0
